{
    "add_header" :
    {
	"num_args" : 1,
	"args" : ["header"],
	"properties" : {
	    "header": {
		"type" : "header",
		"access" : "write"
	    }
	}
    },
    "remove_header" :
    {
	"num_args" : 1,
	"args" : ["header"],
	"properties" : {
	    "header": {
		"type" : "header",
		"access" : "write"
	    }
	}
    },
    "copy_header" :
    {
	"num_args" : 2,
	"args" : ["dst_header", "src_header"],
	"properties" : {
	    "dst_header" : {
		"type" : "any_header",
		"access" : "write"
	    },
	    "src_header" : {
		"type" : "any_header",
		"access" : "read"
	    }
	}
    },
    "modify_field" :
    {
	"num_args" : 3,
	"args" : ["dst", "src", "mask"],
	"properties" : {
	    "dst" : {
		"type" : "int",
		"access" : "write"
	    },
	    "src" : {
		"type" : "int",
		"access" : "read"
	    },
	    "mask" : {
		"type" : "int",
		"access" : "read",
		"optional" : true
	    }
	}
    },
    "register_read" :
    {
	"num_args" : 3,
	"args" : ["dst", "reg", "idx"],
	"properties" : {
	    "dst" : {
		"type" : "int",
		"access" : "write"
	    },
	    "reg" : {
		"type" : "register",
		"access" : "read"
	    },
	    "idx" : {
		"type" : "int",
		"access" : "read",
		"data_width" : 32
	    }
	}
    },
    "register_write" :
    {
	"num_args" : 3,
	"args" : ["reg", "idx", "src"],
	"properties" : {
	    "reg" : {
		"type" : "register",
		"access" : "write"
	    },
	    "idx" : {
		"type" : "int",
		"access" : "read",
		"data_width" : 32
	    },
	    "src" : {
		"type" : "int",
		"access" : "read",
		"data_width" : "reg"
	    }
	}
    },
    "generate_digest" :
    {
        "num_args" : 2,
        "args" : ["receiver", "field_list"],
        "properties" : {
            "receiver" : {
                "type" : "int",
                "access" : "read"
            },
            "field_list" : {
                "type" : "field_list",
                "access" : "read",
                "optional" : true
            }
        }
    },
    "clone_ingress_pkt_to_egress" :
    {
	"num_args" : 2,
	"args" : ["clone_spec", "field_list"],
	"properties" : {
	    "clone_spec" : {
		"type" : "int",
		"access" : "read"
	    },
	    "field_list" : {
		"type" : "field_list",
		"access" : "read",
		"optional" : true
	    }
	}
    },
    "clone_egress_pkt_to_egress" :
    {
	"num_args" : 2,
	"args" : ["clone_spec", "field_list"],
	"properties" : {
	    "clone_spec" : {
		"type" : "int",
		"access" : "read"
	    },
	    "field_list" : {
		"type" : "field_list",
		"access" : "read",
		"optional" : true
	    }
	}
    },
    "resubmit" :
    {
	"num_args" : 1,
	"args" : ["field_list"],
	"properties" : {
	    "field_list" : {
		"type" : "field_list",
		"access" : "read",
		"optional" : true
	    }
	}
    },
    "recirculate" :
    {
	"num_args" : 1,
	"args" : ["field_list"],
	"properties" : {
	    "field_list" : {
		"type" : "field_list",
		"access" : "read",
		"optional" : true
	    }
	}
    },
    "modify_field_with_hash_based_offset":
    {
	"num_args" : 4,
	"args" : ["dst", "base", "hash", "size"],
	"properties" : {
	    "dst" : {
		"type" : "int",
		"access" : "write"
	    },
	    "base" : {
		"type" : "int",
		"access" : "read"
	    },
	    "hash" : {
		"type" : "field_list_calculation",
		"access" : "read"
	    },
	    "size" : {
		"type" : "int",
		"access" : "read"
	    }
	}
    },
    "no_op":
    {
	"num_args" : 0,
	"args" : [],
	"properties" : {
	}
    },
    "drop":
    {
	"num_args" : 0,
	"args" : [],
	"properties" : {
	}
    },
    "count":
    {
	"num_args" : 2,
	"args" : ["counter_ref", "index"],
	"properties" : {
	    "counter_ref" : {
		"type" : "counter",
		"access" : "write"
	    },
	    "index" : {
		"type" : "int",
		"access" : "read"
	    }
	}
    },
    "truncate":
    {
	"num_args" : 1,
	"args" : ["length"],
	"properties" : {
	    "length" : {
		"type" : "int",
		"access" : "read"
	    }
	}
    },
    "execute_meter":
    {
	"num_args" : 3,
	"args" : ["meter_ref", "index", "field"],
	"properties" : {
	    "meter_ref" : {
		"type" : "meter",
		"access" : "write"
	    },
	    "index" : {
		"type" : "int",
		"access" : "read"
	    },
	    "field" : {
		"type" : "int",
		"access" : "write"
	    }
	}
    },
    "push":
    {
	"num_args" : 2,
	"args" : ["header_stack", "count"],
	"properties" : {
	    "header_stack" : {
		"type" : "header_stack",
		"access" : "write"
	    },
	    "count" : {
		"type" : "int",
		"access" : "read",
		"optional" : true
	    }
	}
    },
    "pop":
    {
	"num_args" : 2,
	"args" : ["header_stack", "count"],
	"properties" : {
	    "header_stack" : {
		"type" : "header_stack",
		"access" : "write"
	    },
	    "count" : {
		"type" : "int",
		"access" : "read",
		"optional" : true
	    }
	}
    }
}
